,State Abbreviation,State Name,Job Count,Post per Salary Range,Posts per County,Posts per Company,Post per Experience Level,Posts per Jop Type,Mean Salary Per State
0,AL,Alabama,40,"{'55000': '34', '70000': '16', '60000': '24', '65000': '21', '80000': '7'}","{'Stevenson': '2', 'Huntsville': '15', 'Birmingham': '15', 'Montgomery': '2', 'Sylacauga': '1', 'Decatur': '1', 'Fort Rucker': '2', 'Daphne': '1'}","{'Cushman & Wakefield': '2', 'TekLinks': '1', 'DST Systems': '1', 'PANGEATWO': '3', 'ITAC Solutions': '1', 'ConsultNet': '1', 'AKKA Technologies': '1', 'Canvas Inc.': '2', 'Bear Communications': '1', 'Westrock': '2', 'Baptist Health': '1', 'Berkadia': '1', 'Northrop Grumman': '2', 'Rezult Financial': '1', 'EQUIAN LLC': '1'}","{'Entry_Level': '8', 'Mid_Level': '22', 'Senior_Level': '4'}","{'Contract': '3', 'Full-time': '36', 'Temporary': '1', 'Commission': '1'}",65788
1,AZ,Alaska,127,"{'80000': '35', '70000': '73', '60000': '107', '65000': '93', '75000': '59'}","{'Gilbert': '1', 'Tempe': '15', 'Flagstaff': '1', 'Phoenix': '43', 'Scottsdale': '29', 'Tucson': '31', 'Mesa': '3', 'Chandler': '4'}","{'Raytheon': '19', 'Orbital ATK': '3', 'Ledgent Finance & Accounting': '3', 'VincentBenjamin': '4', 'Parker and Lynch': '5', 'The Resource Link': ' Inc', ""P.F. Chang's"": '3', 'Republic Services': '9', 'El Rio Community Health Center': '4', 'American Express Global Business Travel': '2', 'Accounting Principals': ' Inc.', 'CBRE': '3', 'Katerra Inc': '2', 'AppleOne': '2', 'Headfarmer': '5'}","{'Entry_Level': '23', 'Mid_Level': '54', 'Senior_Level': '15'}","{'Internship': '1', 'Contract': '12', 'Full-time': '118', 'Temporary': '2', 'Commission': '2'}",61718
2,AR,Arizona,19,"{'55000': '10', '60000': '8', '65000': '4', '45000': '16', '50000': '14'}","{'Bentonville': '1', 'Camden': '1', 'Little Rock': '7', 'Springdale': '1', 'Conway': '1', 'Lowell': '3', 'Fayetteville': '2', 'North Little Rock': '1', 'Fort Smith': '1'}","{'Liberty Personnel Services': '2', 'Walmart eCommerce': '1', 'Arkansas Department of Emergency Management': '1', 'JB Hunt': '3', 'Heifer International': '1', 'Highmark Health': '1', 'ArcBest': '1', 'Conexon': '1', 'DBG Arkansas': ' LLC', 'Washington Regional': '1', 'Dassault Falcon Jet': '1', 'Lockheed Martin': '1', 'HealthSCOPE Benefits': ' Inc.', 'RNR Tire Express & Custom Wheels': '1', 'Simmons Bank': '1'}","{'Entry_Level': '9', 'Mid_Level': '8'}","{'Internship': '1', 'Contract': '3', 'Full-time': '18', 'Temporary': '1'}",47058
3,CA,Arkansas,1018,"{'95000': '185', '70000': '748', '65000': '832', '85000': '434', '80000': '536'}","{'San Diego': '70', 'Palo Alto': '17', 'Santa Clara Valley': '27', 'El Segundo': '38', 'Irvine': '38', 'Los Angeles': '101', 'Sunnyvale': '31', 'Rosemead': '16', 'San Ramon': '18', 'Burbank': '16', 'San Francisco': '93', 'San Jose': '34', 'Foster City': '19', 'Santa Clara': '32'}","{'Raytheon': '25', 'Edison International': '8', 'Apple': '27', 'NVIDIA': '9', 'Bank of the West': '8', 'Consultative Search Group': '11', 'Kaiser Permanente': '18', 'Visa': '9', 'Oracle': '12', 'BNP Paribas': '9', 'Parker and Lynch': '9', 'Robert Half Finance & Accounting': '24', 'Accounting Principals': '13', 'Thermo Fisher Scientific': '9', 'Amazon.com': '9'}","{'Entry_Level': '166', 'Mid_Level': '431', 'Senior_Level': '219'}","{'Contract': '86', 'Full-time': '937', 'Temporary': '24', 'Internship': '12', 'Part-time': '11', 'Commission': '19'}",73199
4,CO,California,126,"{'70000': '66', '60000': '107', '65000': '89', '85000': '21', '75000': '53'}","{'Louisville': '7', 'Broomfield': '11', 'Englewood': '10', 'Denver': '48', 'Littleton': '4', 'Centennial': '7', 'Aurora': '6', 'Greenwood Village': '3', 'Golden': '3', 'Grand Junction': '2', 'Colorado Springs': '6', 'Loveland': '4', 'Boulder': '5'}","{'Rabo Agri Finance LLC': '3', 'Xcel Energy': '3', 'IFAS LLC': '2', 'Hosting': '2', 'CENTURA HEALTH': '2', 'Arrow Electronics': ' Inc.', 'Lockton': ' Inc.', 'Robert Half Finance & Accounting': '3', 'Comcast': '2', 'Sound Physicians': '2', 'Aimco': '3', 'Vertafore': '2', 'Lockheed Martin': '4', 'DISH Network': '7', ""Children's Hospital Colorado"": '3'}","{'Entry_Level': '23', 'Mid_Level': '59', 'Senior_Level': '15'}","{'Internship': '2', 'Contract': '6', 'Part-time': '1', 'Full-time': '120', 'Commission': '3'}",63165
5,CT,Colorado,79,"{'55000': '64', '70000': '42', '65000': '54', '85000': '16', '80000': '28'}","{'Waterbury': '2', 'Hartford': '8', 'East Hartford': '4', 'Stamford': '11', 'Rocky Hill': '4', 'Cheshire': '2', 'New Britain': '2', 'Windsor Locks': '4', 'Fairfield': '2', 'Farmington': '2', 'New Haven': '4', 'Shelton': '4', 'Stratford': '2', 'Norwalk': '7'}","{'The McIntyre Group': '2', 'Community Renewal Team': '2', 'Accountemps': '5', 'HKA Enterprises': '2', 'CareersinConnecticut': '3', 'Frontier Communications Corporation': '1', 'Stanley Black & Decker': '2', 'Smith Arnold Partners': '2', 'Ledgent Finance & Accounting': '2', 'Robert Half Finance & Accounting': '6', 'Kantar': '2', 'Elite Placement Group': '3', 'Businesses PRATT & WHITNEY': '3', 'Arnold Hanafin Corporation': '2', 'ESPN': '2'}","{'Entry_Level': '20', 'Mid_Level': '32', 'Senior_Level': '12'}","{'Contract': '6', 'Full-time': '67', 'Temporary': '9', 'Commission': '3'}",72889
6,DE,Connecticut,17,"{'80000': '8', '60000': '13', '70000': '11', '85000': '6', '90000': '3'}","{'Wilmington': '15', 'Newark': '2'}","{'M&T Bank': '1', 'Nemours': '1', 'AAA Club Alliance': '1', 'Certara': '1', 'Professional Recruiting Consultants': ' Inc.', 'Accountemps': '1', 'Highmark Health': '1', 'CSC': 'Corporation Service Company', 'Schuler Consultants': ' Inc.', 'AstraZeneca': '2', 'BPG Real Estate Service': '1', 'Robert Half Finance & Accounting': '2', 'The Chemours Company': '1', 'Unlisted - Equity Real Estate Fund Manager': '1', 'WSFS Bank': '1'}","{'Entry_Level': '3', 'Mid_Level': '6', 'Senior_Level': '5'}","{'Full-time': '17', 'Temporary': '1'}",47980.0
7,FL,Delaware,398,"{'80000': '92', '70000': '190', '60000': '280', '65000': '227', '50000': '358'}","{'Coral Gables': '9', 'Tampa': '51', 'Boca Raton': '13', 'Clearwater': '8', 'Lake Mary': '13', 'Fort Lauderdale': '8', 'Kissimmee': '8', 'Orlando': '49', 'Sunrise': '8', 'Jacksonville': '43', 'Estero': '7', 'Miami': '40', 'Doral': '8', 'Saint Petersburg': '8'}","{'Ascendo Resources': '4', 'NextEra Energy': '5', 'Taylor White Accounting and Finance': '5', 'BayCare': '5', 'WellCare': '9', 'Disney Parks & Resorts': '7', 'Marcus & Millichap': '4', 'Primary Recruiting Services': '9', 'FIS': '8', 'Robert Half Finance & Accounting': '10', 'University of Miami': '7', 'Hertz': '5', 'Verizon': '8', 'Lockheed Martin': '19', 'ADT Security Services': '6'}","{'Entry_Level': '91', 'Mid_Level': '172', 'Senior_Level': '45'}","{'Contract': '46', 'Full-time': '361', 'Temporary': '14', 'Internship': '1', 'Part-time': '2', 'Commission': '7'}",60336
8,GA,Florida,247,"{'75000': '128', '60000': '209', '65000': '191', '85000': '55', '80000': '94'}","{'McDonough': '2', 'Dunwoody': '2', 'Sandy Springs': '4', 'Savannah': '4', 'Decatur': '2', 'Alpharetta': '47', 'Kennesaw': '4', 'Albany': '7', 'Peachtree City': '2', 'Duluth': '7', 'Atlanta': '129', 'Marietta': '2', 'Norcross': '7', 'Warner Robins': '2'}","{'The Intersect Group': '6', 'Verizon': '6', 'Fiserv': ' Inc.', 'The Home Depot': '7', 'Landis+Gyr': '4', 'Turner': '4', 'Risk Solutions': '4', 'Northside Hospital': '3', 'SunTrust': '5', 'AquantUs': ' LLC', 'WestRock': '6', 'Robert Half Finance & Accounting': '16', 'Booz Allen Hamilton': '6', 'Fidelis Search': '3', 'CHEP': '6'}","{'Entry_Level': '33', 'Mid_Level': '87', 'Senior_Level': '55'}","{'Contract': '17', 'Part-time': '3', 'Full-time': '224', 'Temporary': '5', 'Commission': '8'}",64149
9,ID,Georgia,15,"{'55000': '11', '60000': '8', '65000': '6', '85000': '3', '50000': '13'}","{'Boise': '8', 'Idaho Falls': '5', 'Garden City': '1', 'Eagle': '1'}","{'Micron Technology': ' Inc.', 'Idahoan Foods': ' LLC', 'CDI Corporation': '1', 'Lamb Weston': '1', 'Albertsons Companies': '1', 'TEGNA': '1', 'Ada County': '1', 'MountainStar Healthcare': '1', 'Experis': '1', 'Robert Half Finance & Accounting': '1', 'TalentPool Search': ' Inc.', 'Safeway': '1', 'Plexus': '1'}","{'Entry_Level': '2', 'Mid_Level': '8', 'Senior_Level': '3'}","{'Contract': '1', 'Full-time': '14'}",53332
10,IL,Hawaii,456,"{'90000': '81', '75000': '244', '60000': '380', '70000': '291', '80000': '198'}","{'Bolingbrook': '6', 'Chicago': '200', 'Glenview': '7', 'Deerfield': '18', 'Schaumburg': '8', 'Downers Grove': '9', 'Oak Brook': '13', 'Lake Forest': '11', 'Lisle': '12', 'Northbrook': '13', 'Naperville': '8', 'Vernon Hills': '7', 'Hoffman Estates': '7', 'Evanston': '5'}","{'The University of Chicago': '4', 'Allstate': '4', 'Navistar': ' Inc.', 'BMO Financial Group': '5', 'Martin Engineering': '4', 'Sears Holdings Management Corporation': '6', 'Conagra Brands': '4', 'Parker and Lynch': '25', 'Baxter': '5', 'WALGREENS': '7', 'Accounting Principals': '17', 'Career Connections': ' Inc.', 'Robert Half Finance & Accounting': '33', 'Hill-Rom': '4', 'International Financial Group': '15'}","{'Entry_Level': '85', 'Mid_Level': '176', 'Senior_Level': '95'}","{'Contract': '41', 'Full-time': '428', 'Temporary': '4', 'Internship': '1', 'Part-time': '3', 'Commission': '6'}",66841
11,IN,Idaho,78,"{'90000': '17', '75000': '41', '60000': '68', '65000': '57', '80000': '31'}","{'Columbus': '3', 'Warsaw': '6', 'Evansville': '10', 'Elkhart': '5', 'Indianapolis': '24', 'Henderson': '1', 'Fishers': '1', 'Greenfield': '1', 'Carmel': '3', 'South Bend': '3', 'Richmond': '2', 'Lafayette': '5', 'Fort Wayne': '6', 'Newburgh': '1'}","{'Gateway': '3', 'Ulinkedus': '1', 'Capital Search Group': '1', 'Accountemps': '2', 'Cummins': '3', 'One Solution Logistics': '1', 'Pinnacle Partners': '2', 'Wabash National Corporation': '2', 'Johnson & Johnson': '3', 'Parker and Lynch': '2', 'Robert Half Finance & Accounting': '4', 'Hubbell': ' Inc.', 'Performant Solutions': '2', 'RB': '8', 'IEA Renewable Energy': ' Inc.'}","{'Entry_Level': '9', 'Mid_Level': '30', 'Senior_Level': '19'}","{'Contract': '1', 'Full-time': '76', 'Temporary': '2'}",61564
12,IA,Illinois,24,"{'75000': '12', '60000': '20', '65000': '19', '85000': '3', '80000': '7'}","{'Urbandale': '2', 'Iowa City': '1', 'Marshalltown': '2', 'Ames': '2', 'Muscatine': '3', 'Spirit Lake': '3', 'Fort Dodge': '1', 'West Des Moines': '3', 'Johnston': '2', 'Waukee': '1', 'Cedar Rapids': '4'}","{'Rabo Agri Finance LLC': '2', 'W.R. Berkley Corporation': '1', 'Mercy Health': '1', 'ACT': ' Inc.', 'Palmer Group': '1', 'GreatAmerica Financial Services': '2', 'Emerson': '1', 'HNI Corporation': '2', 'Rembrandt Foods': '2', 'Holmes Murphy & Associates': '1', 'Robert Half Finance & Accounting': '3', 'KOCH AG & ENERGY SOLUTIONS': '1', 'CHI Health': '1', 'UnityPoint Health': '2', 'Schneider Electric': '1'}","{'Entry_Level': '6', 'Mid_Level': '11', 'Senior_Level': '1'}","{'Internship': '1', 'Full-time': '23', 'Temporary': '1'}",48563
13,KS,Indiana,34,"{'55000': '29', '70000': '22', '65000': '24', '80000': '6', '75000': '10'}","{'Winfield': '1', 'Kansas City': '5', 'Mission': '1', 'Wichita': '3', 'Cottonwood Falls': '1', 'Leawood': '3', 'Overland Park': '14', 'Westwood': '1', 'Lenexa': '3', 'Topeka': '1', 'Olathe': '1'}","{'DEMDACO': '1', 'UnitedLex': '1', 'The DVS Group': '1', 'American First Finance': '1', 'Envision': ' Inc.', 'Morgan Hunter': '2', 'Fortune Personnel Consultants of Raleigh': '1', 'Waddell and Reed': '1', 'Epiq Systems': ' Inc.', 'KeyBank': '1', 'Honeywell': '1', 'Compass Minerals': '1', 'DD Traders Inc.': '1', 'LMI Aerospace': '1', 'Garmin': '1'}","{'Entry_Level': '3', 'Mid_Level': '21', 'Senior_Level': '5'}","{'Contract': '1', 'Full-time': '34'}",55016
14,KY,Iowa,32,"{'55000': '23', '70000': '13', '60000': '20', '65000': '15', '75000': '7'}","{'Louisville': '16', 'Florence': '1', 'Lexington': '8', 'Hebron': '1', 'Ashland': '1', 'Paducah': '1', 'Hopkinsville': '1', 'Shepherdsville': '1', 'Elizabethtown': '1', 'Bowling Green': '1'}","{'Tempur + Sealy': '1', 'GE Appliances': '3', 'Metalsa Structural Products Inc': '1', 'Amazon.com': '3', 'Computer Services Inc.': '1', 'Quality Staffing of America': '1', 'Charah': ' Inc.', 'Adecco': '1', 'Kindred Healthcare': '1', 'Accounting Principals': '2', 'SHR Talent': '1', 'Lockheed Martin': '4', 'V-Soft Consulting Group': '1', 'Big Ass Fans': '1', 'EQUIAN LLC': '1'}","{'Entry_Level': '6', 'Mid_Level': '12', 'Senior_Level': '6'}","{'Contract': '4', 'Full-time': '29', 'Temporary': '1'}",63726
15,LA,Kansas,17,"{'55000': '14', '70000': '7', '60000': '12', '65000': '9', '80000': '4'}","{'Baton Rouge': '1', 'Bogalusa': '1', 'Shreveport': '2', 'Waggaman': '1', 'Metairie': '1', 'Michoud': '1', 'New Orleans': '8', 'Pineville': '1', 'Slidell': '1'}","{'Ochsner Health System': '3', 'Republic Finance': '1', 'Franciscan Missionaries of Our Lady Health System': '1', 'Cleco': '1', 'Hancock Holding Company': '1', 'EHS Technologies': '1', 'Cornerstone Chemical Company': '1', 'EAGLE STRATEGIES LLC': '1', 'Textron': '1', 'S3': '1', 'Pan-American Life Insurance Group': '1', 'Honeywell': '1', 'GIFTED Healthcare': '1', 'Homewood Suites Shreveport': '1', 'Booz Allen Hamilton': '1'}","{'Entry_Level': '5', 'Mid_Level': '6', 'Senior_Level': '3'}","{'Full-time': '17', 'Commission': '1'}",59300
16,ME,Kentucky,16,"{'55000': '12', '70000': '4', '60000': '10', '65000': '6', '45000': '15'}","{'Westbrook': '1', 'Brunswick': '1', 'Boothbay': '1', 'Portland': '3', 'Pittsfield': '1', 'Augusta': '1', 'Rockland': '1', 'Brewer': '4', 'South Portland': '3'}","{'EMHS': '4', 'Maine Medical Center': '2', 'WEX Inc.': '1', 'Bowdoin College': '1', 'Knickerbocker Group Inc.': '1', 'Micro Tech Staffing Group': '1', 'Spectrum Healthcare Partners': '1', 'Adecco Direct Placement': '1', 'IDEXX Laboratories': '1', 'Cianbro': '1', 'Citra Health Solutions': '1', 'Maine Department of Health and Human Services/Office of Financial Management': '1'}","{'Entry_Level': '4', 'Mid_Level': '8', 'Senior_Level': '1'}",{'Full-time': '16'},74340
17,MD,Louisiana,182,"{'55000': '160', '70000': '107', '65000': '138', '85000': '32', '75000': '84'}","{'Towson': '5', 'Baltimore': '38', 'Owings Mills': '5', 'Hanover': '4', 'Lexington Park': '11', 'Bethesda': '15', 'Hunt Valley': '5', 'Belcamp': '3', 'Columbia': '8', 'Rockville': '8', 'Chevy Chase': '3', 'Patuxent River': '13', 'Fort Meade': '16', 'Annapolis Junction': '8'}","{'Island Creek Associates': ' LLC', 'ICI Services Corporation': '2', 'University of Maryland Medical Center': '3', 'Integrity Management Consulting': '3', 'Erickson Living': '3', 'The Reger Group': '2', 'Computing Concepts Inc.': '5', 'Stanley Black & Decker': '4', 'Johns Hopkins Hospital/Johns Hopkins Health System': '3', 'Under Armour': ' Inc', 'T. Rowe Price': '3', 'KBRwyle': '7', 'Booz Allen Hamilton': '3', 'Lockheed Martin': '3', 'Johns Hopkins University': '5'}","{'Entry_Level': '35', 'Mid_Level': '83', 'Senior_Level': '29'}","{'Contract': '26', 'Full-time': '158', 'Temporary': '3', 'Internship': '2', 'Part-time': '3', 'Commission': '2'}",64518
18,MA,Maine,274,"{'90000': '59', '75000': '155', '60000': '242', '70000': '187', '80000': '120'}","{'Springfield': '5', 'Woburn': '4', 'Marlborough': '5', 'Billerica': '6', 'Quincy': '6', 'Braintree': '3', 'Framingham': '13', 'Waltham': '24', 'Burlington': '21', 'Cambridge': '11', 'Boston': '79', 'Bedford': '7', 'Westwood': '4', 'Worcester': '5'}","{'Raytheon': '10', 'KBW Financial': '12', 'State Street': '6', 'The TJX Companies': ' Inc.', 'Boston Consulting Group': '3', 'WinterWyman': '9', 'Staples': '3', 'Bay State Search': '5', ""Brigham and Women's Hospital"": 'BWH', 'Massachusetts General Hospital': '3', 'Boston University': '3', 'Robert Half Finance & Accounting': '4', 'Thermo Fisher Scientific': '8', 'Boston Medical Center': '4', 'MassMutual Financial Group': '4'}","{'Entry_Level': '50', 'Mid_Level': '127', 'Senior_Level': '47'}","{'Contract': '29', 'Full-time': '253', 'Temporary': '3', 'Internship': '1', 'Part-time': '1', 'Commission': '6'}",65615
19,MI,Maryland,177,"{'55000': '154', '70000': '90', '65000': '118', '80000': '43', '75000': '63'}","{'Lansing': '6', 'Grand Rapids': '5', 'Detroit': '23', 'Ann Arbor': '4', 'Troy': '15', 'Bingham Farms': '3', 'Kalamazoo': '6', 'Holland': '5', 'Auburn Hills': '15', 'Livonia': '5', 'Northville': '9', 'Jackson': '8', 'Southfield': '11', 'Farmington Hills': '5'}","{'Ally Financial Inc.': '3', 'Lafarge': '2', 'Masco Cabinetry': '2', 'Venteon': '6', 'Tenneco Inc.': '9', 'CCI Systems': ' Inc.', 'Gallagher': '3', 'Parker and Lynch': '3', 'Aptiv': '4', 'ZF': '4', 'Robert Half Finance & Accounting': '13', 'American Axle & Manufacturing': ' Inc.', 'Accounting Principals': '4', 'Fiat Chrysler Automobiles': '5', 'Cummins Inc.': '3'}","{'Entry_Level': '31', 'Mid_Level': '79', 'Senior_Level': '30'}","{'Contract': '18', 'Full-time': '167', 'Temporary': '1', 'Internship': '1', 'Part-time': '1', 'Commission': '2'}",66066
20,MN,Massachusetts,170,"{'80000': '65', '70000': '106', '90000': '27', '65000': '130', '75000': '83'}","{'Golden Valley': '9', 'Minnetonka': '12', 'Eden Prairie': '14', 'Rochester': '5', 'Maplewood': '3', 'Oakdale': '3', 'Mounds View': '4', 'Vadnais Heights': '6', 'Minneapolis': '49', 'Saint Paul': '12', 'Bloomington': '6', 'Bayport': '4', 'Plymouth': '5'}","{'DELUXE CORPORATION': '3', 'Polaris Industries': '2', 'Ambrion': '3', 'TCF Bank': '3', 'Medtronic': '7', 'UnitedHealth Group': '9', 'Medica': '3', 'Pentair': '5', 'Robert Half Finance & Accounting': '24', '3M': '2', 'Versique': '4', 'Lifetouch National School Studios Inc.': '2', 'H.B. Fuller': '6', 'IBM': '3', 'Ecolab': '2'}","{'Entry_Level': '18', 'Mid_Level': '66', 'Senior_Level': '34'}","{'Contract': '7', 'Full-time': '163', 'Temporary': '5', 'Internship': '1', 'Part-time': '1', 'Commission': '2'}",67888
21,MS,Michigan,17,"{'55000': '10', '60000': '7', '75000': '4', '40000': '15', '50000': '12'}","{'Ridgeland': '1', 'Canton': '1', 'Stennis Space Center': '1', 'Gulfport': '1', 'Pascagoula': '2', 'Jackson': '1', 'Iuka': '4', 'McComb': '1', 'Forest': '1', 'Corinth': '1', 'Flowood': '3'}","{'C Spire': '1', 'Raytheon': '1', 'Hancock Holding Company': '1', 'Medsphere Systems Corporation': '1', 'Orbital ATK': '1', 'Thompson Investments': '1', 'Vitaver & Associates': '1', 'Weaver Investments Group': '2', 'S3': '1', 'NRE': '1', 'National Recruiters': ' LLC', 'Ajulia Executive Search': '1', 'ICI Services Corporation': '2', 'The University of Mississippi Medical Center': '1', 'Sims & Associates Financial Group': '1'}","{'Entry_Level': '5', 'Mid_Level': '6', 'Senior_Level': '1'}","{'Internship': '2', 'Part-time': '4', 'Full-time': '17', 'Temporary': '2'}",59164
22,MO,Minnesota,88,"{'80000': '14', '75000': '27', '60000': '53', '65000': '44', '50000': '74'}","{'Springfield': '5', 'Kansas City': '20', 'St. Louis': '46', 'Chesterfield': '1', 'Saint Charles': '1', 'Columbia': '3', 'Clayton': '1', 'Bridgeton': '2', 'Creve Coeur': '1', 'Town and Country': '1', 'Maryland Heights': '3', 'Fenton': '1', 'University City': '1', 'Brentwood': '1'}","{'Mercy': '5', 'Hussmann': '2', 'Washington University in St. Louis': '3', 'Magellan Health': '2', 'SSM Health': '2', 'OBerd': '2', 'H&R Block': '2', 'Parker + Lynch': '2', 'Parker and Lynch': '3', 'Caleres': '2', 'Hallmark': '7', 'Express Scripts': '2', 'Lockheed Martin': '2', 'The STEM Consultants': '2', 'Robert Half Finance & Accounting': '5'}","{'Entry_Level': '21', 'Mid_Level': '39', 'Senior_Level': '14'}","{'Contract': '6', 'Part-time': '6', 'Full-time': '80', 'Temporary': '3', 'Commission': '1'}",57229
23,MT,Mississippi,4,"{'80000': '1', '70000': '2'}","{'Great Falls': '3', 'Kalispell': '1'}","{'Applied Materials Inc.': '1', 'great falls clinic': '2', 'Benefis Health System': '1'}","{'Mid_Level': '2', 'Senior_Level': '1'}",{'Full-time': '4'},N\A
24,NE,Missouri,25,"{'55000': '19', '70000': '11', '60000': '17', '65000': '14', '85000': '4'}","{'Lincoln': '8', 'Omaha': '16', 'Elkhorn': '1'}","{'First Data': '2', 'Spreetail': '1', 'Conagra Brands': '3', 'Lutz': '2', 'CornerStone Staffing': '1', 'Nebraska State Government': '2', 'InSearch Recruiting': '1', 'ConAgra Foods': '3', 'CHI Health': '6', 'ACI Worldwide': '1', 'TSYS': '1', 'Nelnet': '1', 'Schneider Electric': '1'}","{'Entry_Level': '6', 'Mid_Level': '12'}",{'Full-time': '25'},61814
25,NV,Montana,25,"{'75000': '5', '70000': '6', '60000': '17', '65000': '10', '50000': '23'}","{'Carson City': '2', 'Sparks': '1', 'Las Vegas': '13', 'Henderson': '2', 'Reno': '7'}","{'Affinity Gaming': '1', 'Wyndham Vacation Ownership': '1', 'Allegiant Travel Company': '3', 'GateHouse Media': ' Inc', 'SLS Las Vegas': '1', 'Carson Nugget Casino': '1', 'Carson Tahoe Health': '1', 'Aristocrat Technologies': '1', 'Renown Health': '3', 'University Medical Center of Southern Nevada': '1', 'Levi Strauss & Co.': '2', 'VHS Consolidated': '1', 'Corp Office: LV': '1', 'VALLEY HEALTH SYSTEM LLC': '1', 'Accountemps': '1'}","{'Entry_Level': '10', 'Mid_Level': '10'}","{'Contract': '1', 'Full-time': '22', 'Temporary': '1', 'Internship': '1', 'Part-time': '1', 'Commission': '1'}",61082
26,NH,Nebraska,25,"{'80000': '6', '70000': '14', '60000': '23', '65000': '19', '75000': '11'}","{'Manchester': '4', 'Keene': '1', 'Merrimack': '3', 'Portsmouth': '2', 'Concord': '1', 'Claremont': '1', 'Londonderry': '5', 'Hooksett': '1', 'Hanover': '2', 'Dover': '1', 'Hampton': '1', 'Nashua': '2', 'Bedford': '1'}","{'Public Consulting Group': '1', 'KBW Financial': '4', 'Velcro USA Inc.': '2', 'OPTICS 1': ' INC.', 'Harvey Building Products': '1', 'Staff Hunters': '2', 'Irving Oil': '1', 'BAE Systems': '2', 'The Getinge Group': '1', 'Robert Half Finance & Accounting': '3', 'C&S Wholesale Grocers': '1', 'Hypertherm': '2', 'Canam': '1', 'Staff Hunters - Bedford': '1', 'Bosch Group': '1'}","{'Entry_Level': '6', 'Mid_Level': '10', 'Senior_Level': '7'}","{'Contract': '2', 'Full-time': '23', 'Temporary': '1'}",67230
27,NJ,Nevada,241,"{'80000': '119', '60000': '212', '70000': '180', '85000': '90', '90000': '63'}","{'Jersey City': '17', 'Princeton': '10', 'Raritan': '4', 'Tinton Falls': '4', 'Newark': '6', 'Secaucus': '6', 'Bridgewater': '11', 'Parsippany': '20', 'Mount Laurel': '8', 'Madison': '5', 'Woodbridge': '4', 'Basking Ridge': '19', 'Florham Park': '5'}","{'Foster McKay': '7', 'Burlington Stores': '4', 'Mondelez International': '4', 'TD Bank': '8', 'Reckitt Benckiser Group': '4', 'Asembia': '3', 'Johnson & Johnson Family of Companies': '9', 'Parker and Lynch': '4', 'Jackson Hewitt': '4', 'Watson Barron': '4', 'Quest Diagnostics': '8', 'Accounting Principals': '6', 'Verizon': '17', 'Atrium Staffing': '7', 'Robert Half Finance & Accounting': '13'}","{'Entry_Level': '44', 'Mid_Level': '93', 'Senior_Level': '40'}","{'Contract': '27', 'Full-time': '210', 'Temporary': '13', 'Internship': '1', 'Part-time': '3', 'Commission': '3'}",68080
28,NM,New Hampshire,5,"{'80000': '2', '70000': '3', '85000': '1'}","{'Santa Fe': '1', 'Albuquerque': '4'}","{'Raytheon': '1', 'DaVita Medical Group': '1', 'New Mexico State Personnel Office': '1', 'Nusenda Credit Union': '1', 'CompTech Computer Technologies Inc.': '1'}","{'Entry_Level': '1', 'Mid_Level': '2', 'Senior_Level': '1'}",{'Full-time': '5'},67397
29,NY,New Jersey,416,"{'90000': '97', '75000': '238', '60000': '366', '70000': '292', '80000': '187'}","{'Ithaca': '3', 'Syracuse': '10', 'New York': '281', 'White Plains': '4', 'Rochester': '13', 'Melville': '8', 'Bronx': '3', 'Hauppauge': '3', 'Albany': '5', 'Brooklyn': '7', 'Buffalo': '10', 'Armonk': '4', 'Port Washington': '5'}","{'Marsh': '4', 'Blackstone': '12', 'WinterWyman': '5', 'Robert Half Finance & Accounting': '11', 'Parker and Lynch': '11', 'computing concepts inc.': '4', 'Mission Staffing': '11', 'Columbia University': '8', 'NYP/Weill Cornell Medical Center': '4', 'Mount Sinai Health System': '13', 'PCG Staffing Solutions Organization LLC': '4', 'The Execu|Search Group': '16', 'The Forum Group': '5', 'M&T Bank': '4', 'Solomon Page': '7'}","{'Entry_Level': '86', 'Mid_Level': '195', 'Senior_Level': '64'}","{'Contract': '36', 'Full-time': '378', 'Temporary': '19', 'Internship': '3', 'Part-time': '2', 'Commission': '6'}",71267
30,NC,New Mexico,208,"{'70000': '117', '60000': '165', '65000': '143', '85000': '42', '80000': '67'}","{'Raleigh': '28', 'Durham': '14', 'Huntersville': '3', 'Oxford': '3', 'Chapel Hill': '3', 'Fayetteville': '3', 'Winston-Salem': '12', 'Greensboro': '12', 'High Point': '7', 'Research Triangle Park': '3', 'Cary': '7', 'Morrisville': '6', 'Charlotte': '69', 'Mooresville': '6'}","{'Bank of America': '14', 'Duke University and Duke University Health System': '3', 'Parker and Lynch': '9', 'Global Brands Group': '3', 'Belk': '3', 'XPO Logistics': '5', 'Robert Half Management Resources': '8', 'Search Solution Group': '2', 'EATON': '10', ""Lowe's Inc."": '3', 'Credit Suisse': '10', 'Fifth Third Bank': '2', 'Novant Health': '5', 'BB&T': '3', 'Sherpa LLC': '8'}","{'Entry_Level': '40', 'Mid_Level': '88', 'Senior_Level': '28'}","{'Contract': '20', 'Full-time': '196', 'Temporary': '1', 'Commission': '1'}",66844
31,ND,New York,5,"{'70000': '1', '60000': '4', '65000': '3'}","{'Fargo': '4', 'Bismarck': '1'}","{'Preference Employment Solutions': '1', 'CNH Industrial': '1', 'Sanford Health': '2', 'Montana-Dakota Utilities Co.': '1'}",{'Mid_Level': '4'},{'Full-time': '5'},43245
32,OH,North Carolina,175,"{'55000': '150', '75000': '70', '60000': '136', '70000': '94', '80000': '48'}","{'North Canton': '3', 'Dayton': '5', 'Toledo': '4', 'Independence': '5', 'Akron': '7', 'Reynoldsburg': '6', 'Green': '3', 'Cleveland': '27', 'Beachwood': '3', 'Mayfield Heights': '3', 'Canton': '4', 'Westerville': '4', 'Cincinnati': '17', 'Columbus': '38'}","{""Nationwide Children's Hospital"": '2', 'Adena Health System': '2', 'Envision RX': '2', 'OhioHealth': '3', 'Sumaria Systems Inc.': '2', 'Charter Steel': '3', 'L Brands': '3', 'UC Health': '3', 'Cleveland Clinic': '5', ""Victoria's Secret"": '6', 'Robert Half Finance & Accounting': '4', 'TalentPool Search': ' Inc.', 'Accounting Principals': '8', 'AMERICAN SIGNATURE INC': '2', 'Huntington Bank': '3'}","{'Entry_Level': '26', 'Mid_Level': '79', 'Senior_Level': '36'}","{'Internship': '1', 'Contract': '10', 'Full-time': '169', 'Temporary': '1', 'Commission': '1'}",63745
33,OK,North Dakota,29,"{'55000': '18', '75000': '6', '60000': '16', '65000': '11', '50000': '22'}","{'Edmond': '2', 'Jenks': '1', 'Broken Bow': '1', 'Tulsa': '10', 'Oklahoma City': '15'}","{'Oklahoma Goodwill': '1', 'Intermedix': '1', 'Ascent Resources': '1', 'OU Medical Center': '1', 'Oklahoma Air National Guard': '2', 'Integris Health': '1', 'BOEING': '1', 'MidFirst Bank': '3', 'Robert Half Finance & Accounting': '4', 'Hertz': '1', 'University of Central Oklahoma': '1', 'Mattresses and Furniture': '1', 'Verizon': '2', 'Hobby Lobby': '1', 'Tulsa Winch Group': '1'}","{'Entry_Level': '9', 'Mid_Level': '12', 'Senior_Level': '4'}","{'Part-time': '2', 'Full-time': '27'}",60870
34,OR,Ohio,60,"{'55000': '55', '75000': '31', '65000': '44', '85000': '9', '80000': '19'}","{'Andrews': '1', 'Medford': '2', 'Wilsonville': '1', 'Salem': '3', 'Tualatin': '4', 'Tigard': '1', 'Portland': '30', 'Lake Oswego': '2', 'Albany': '1', 'Ontario': '1', 'Beaverton': '6', 'Clackamas': '1', 'Hood River': '3', 'Ashland': '1'}","{'Kraft Heinz Company': '1', 'Tektronix': '2', 'Triad Technology Group': '2', ""Houston's"": ' Inc.', 'Becton Dickinson & Company': '1', 'Columbia Bank': '1', 'Parker and Lynch': '3', 'KinderCare Education': '3', 'ATRIO Health Plans': '1', 'Accounting Principals': '2', 'Columbia Helicopters': '1', 'Axelon Services Corporation': '1', 'Lam Research': '2', 'CALIBRE Systems': ' Inc.', 'Robert Half Finance & Accounting': '4'}","{'Entry_Level': '9', 'Mid_Level': '25', 'Senior_Level': '12'}","{'Internship': '2', 'Contract': '6', 'Full-time': '56', 'Temporary': '1'}",65880
35,PA,Oklahoma,263,"{'55000': '226', '75000': '115', '60000': '198', '70000': '140', '80000': '76'}","{'Chambersburg': '4', 'Malvern': '15', 'Conshohocken': '5', 'York': '4', 'Allentown': '5', 'Harrisburg': '6', 'Fort Washington': '4', 'King of Prussia': '9', 'Horsham': '4', 'Pittsburgh': '45', 'West Chester': '8', 'Canonsburg': '4', 'Wilmerding': '4', 'Philadelphia': '54'}","{'Aramark': '5', 'Highmark Health': '5', 'Knoll': ' Inc.', 'Johnson & Johnson Family of Companies': '4', 'firstPROPhiladelphia': '5', 'Parker and Lynch': '6', 'Robert Half Finance & Accounting': '9', 'Thermo Fisher Scientific': '5', 'Accounting Principals': '5', 'AmerisourceBergen': '3', 'Xplora Search Group': '6', 'firstPROIncPhiladelphia': '3', 'firstPROAccounting&Finance': '4', 'CALIBRE Systems': ' Inc.', 'International Financial Group': '3'}","{'Entry_Level': '54', 'Mid_Level': '105', 'Senior_Level': '50'}","{'Contract': '15', 'Full-time': '252', 'Temporary': '10', 'Internship': '1', 'Part-time': '3', 'Commission': '4'}",63367
36,RI,Oregon,23,"{'55000': '18', '75000': '9', '65000': '14', '85000': '4', '50000': '20'}","{'Warwick': '4', 'Middletown': '1', 'Providence': '7', 'Cranston': '2', 'Cumberland': '2', 'Smithfield': '3', 'East Greenwich': '1', 'Newport': '3'}","{'Systems Resource Management': ' Inc.', 'CVS Health': '2', 'Becton Dickinson & Company': '1', 'Sector3 Appraisals': ' Inc.', 'Lifespan': '5', 'MetLife': '1', 'ICI Services Corporation': '1', 'C. R. Bard': '1', 'FGX International': ' Inc.', 'Robert Half Finance & Accounting': '1', 'The Greysmith Companies': '2', 'Corvias Group': '1', 'SEA CORP Systems Engineering Associates Corporation': '1', 'CITIZENS BANK': '2'}","{'Entry_Level': '3', 'Mid_Level': '9', 'Senior_Level': '5'}",{'Full-time': '23'},65288
37,SC,Pennsylvania,49,"{'80000': '16', '60000': '33', '70000': '26', '85000': '10', '50000': '42'}","{'Greenville': '13', 'Aiken': '4', 'Fort Mill': '6', 'Spartanburg': '4', 'Greenwood': '1', 'Duncan': '2', 'Conway': '1', 'West Union': '1', 'Moncks Corner': '2', 'Columbia': '3', 'Greer': '1', 'Rock Hill': '1', 'Charleston': '8', 'Anderson': '2'}","{'Blackbaud': '1', 'Horry Telephone Cooperative': ' Inc.', 'Parker and Lynch': '1', 'Revolution Technologies': '1', 'SPARTANBURG REGIONAL HEALTHCARE SYSTEM': '3', 'American Personnel': '2', 'SC Career Search': '2', 'Honeywell': '3', 'Robert Half Finance & Accounting': '3', 'DP Professionals': '2', 'Sentar': ' Inc.', 'Globalpundits': '1', 'Affinity Living Group': '1', 'Areva': '1', 'Empyrean Services': '1'}","{'Entry_Level': '10', 'Mid_Level': '24', 'Senior_Level': '10'}","{'Contract': '12', 'Full-time': '41', 'Temporary': '3', 'Commission': '2'}",65057
38,SD,Rhode Island,3,{'65000': '1'},{'Sioux Falls': '3'},"{'Sanford Health': '2', 'DocuTAP': '1'}",{'Mid_Level': '2'},{'Full-time': '3'},60029
39,TN,South Carolina,90,"{'55000': '64', '70000': '31', '60000': '51', '65000': '41', '80000': '13'}","{'Pigeon Forge': '1', 'Franklin': '8', 'Johnson City': '2', 'Knoxville': '5', 'Athens': '1', 'Memphis': '19', 'Columbia': '1', 'Lebanon': '3', 'Nashville': '27', 'Morristown': '2', 'Smyrna': '1', 'Jackson': '1', 'Chattanooga': '7', 'Brentwood': '8'}","{'BlueCross BlueShield of Tennessee': '2', 'Cracker Barrel Old Country Store': ' Inc.', 'Sarah Cannon Network': '3', 'Unum': '2', 'AutoZone-US': '4', 'HCA Corporate': '2', 'FLEETCOR': '2', 'Bridgestone Americas': '5', 'Robert Half Finance & Accounting': '3', 'Vanderbilt University Medical Center': '3', 'Millennium Search': '2', 'Summer Fields Consulting': ' LLC', 'Lonza': '2', 'DeWolff': ' Boberg & Associates', 'Schneider Electric': '2'}","{'Entry_Level': '17', 'Mid_Level': '37', 'Senior_Level': '15'}","{'Contract': '8', 'Part-time': '1', 'Full-time': '84', 'Commission': '1'}",60189
40,TX,South Dakota,477,"{'70000': '265', '60000': '394', '65000': '346', '85000': '81', '75000': '214'}","{'Houston': '111', 'Fort Worth': '24', 'Dallas': '100', 'Irving': '28', 'Austin': '49', 'McKinney': '8', 'Arlington': '5', 'Grapevine': '4', 'Grand Prairie': '9', 'Sugar Land': '5', 'Galveston': '7', 'San Antonio': '31', 'Plano': '21', 'Flower Mound': '5'}","{'Raytheon': '14', 'UT Southwestern Medical Center': '9', ""Texas Children's Hospital"": '8', 'Texas Health and Human Services Commission': '4', 'McKesson': '4', 'University of Texas Medical Branch': '4', '7-Eleven': '5', 'Essilor of America': ' Inc.', 'Parker and Lynch': '11', 'MGRAR': '6', 'Robert Half Finance & Accounting': '33', 'VIP Search Group': '4', 'Christus Health': '4', 'Lockheed Martin': '8', 'Dean Foods Company': '6'}","{'Entry_Level': '84', 'Mid_Level': '213', 'Senior_Level': '80'}","{'Contract': '31', 'Full-time': '453', 'Temporary': '14', 'Internship': '1', 'Part-time': '13', 'Commission': '4'}",69523
41,UT,Tennessee,53,"{'55000': '42', '70000': '13', '60000': '27', '65000': '20', '50000': '45'}","{'Clearfield': '2', 'Lehi': '2', 'Midvale': '2', 'Hill AFB': '3', 'Provo': '5', 'Magna': '1', 'Cottonwood Heights': '1', 'Salt Lake City': '23', 'Park City': '1', 'Farmington': '1', 'Draper': '1', 'West Valley City': '1', 'South Jordan': '5'}","{'Orbital ATK': '4', 'Progressive Leasing': '1', 'Qualtrics': '1', 'Visa': '1', 'Select Portfolio Servicing': '2', 'Zions Bancorporation': '3', 'BAE Systems': '2', 'Zions Bank': '3', 'University of Utah Health Care': '2', 'Overstock.com': '1', 'computing concepts inc.': '3', 'Nu Skin': '1', 'University of Utah': '2', ""Nature's Sunshine"": '1', 'Aptask': '1'}","{'Entry_Level': '17', 'Mid_Level': '25', 'Senior_Level': '4'}","{'Contract': '7', 'Full-time': '47', 'Temporary': '1'}",56541
42,VT,Texas,6,"{'70000': '3', '60000': '5', '65000': '4', '75000': '1'}","{'Saint Albans': '1', 'Burlington': '1', 'Colchester': '2', 'Waterbury': '2'}","{'Unilever': '1', 'Northwestern Counseling': '1', 'Koffee Kup Bakery': ' Inc.', 'The University of Vermont Medical Center': '1', 'Keurig Green Mountain': '2'}","{'Entry_Level': '1', 'Mid_Level': '3'}",{'Full-time': '6'},56347
43,VA,Utah,305,"{'70000': '187', '60000': '245', '65000': '213', '85000': '69', '80000': '104'}","{'Springfield': '11', 'Reston': '20', 'Alexandria': '8', 'Chantilly': '10', 'Ashburn': '14', 'Fairfax': '11', 'McLean': '20', 'Herndon': '14', 'Norfolk': '16', 'Arlington': '56', 'Fairfax County': '9', 'Richmond': '17', 'Virginia Beach': '6', 'Stafford': '6'}","{'Engility': '3', 'Novetta': '3', 'Fairfax County Public Schools': '4', 'Capital Search Group': '4', 'Amazon.com': '4', 'SERCO INC.': '5', 'Logistics Management Institute': '3', 'PwC': '6', 'Branch Group': '3', 'DXC Technology': '4', 'Leidos': '3', 'PAE': '4', 'Verizon': '12', 'ADP': '4', 'Search Pro Group': '5'}","{'Entry_Level': '32', 'Mid_Level': '151', 'Senior_Level': '59'}","{'Contract': '22', 'Full-time': '280', 'Temporary': '4', 'Internship': '3', 'Part-time': '7', 'Commission': '5'}",70563
44,WA,Vermont,229,"{'75000': '51', '60000': '90', '65000': '72', '85000': '22', '80000': '39'}","{'Spokane': '2', 'Woodinville': '3', 'Redmond': '7', 'Vancouver': '6', 'Bellevue': '13', 'Tacoma': '4', 'Everett': '3', 'Renton': '6', 'Seattle': '162', 'Bothell': '2', 'Kent': '3', 'Auburn': '1', 'Ferndale': '3'}","{'University Of Washington': '4', 'MOD Pizza': '2', 'nLIGHT': '2', 'PACCAR Inc.': '2', 'Timken': '3', 'Savers': '4', 'Rabo Agri Finance LLC': '1', 'Amazon.com': '131', 'MultiCare Health System': '3', 'Restaurants Unlimited': '2', 'Avanciers': '2', 'Parker and Lynch': '8', 'Blue Origin': '1', 'Accounting Principals': '2', 'Kaiser Permanente': '3'}","{'Entry_Level': '11', 'Mid_Level': '99', 'Senior_Level': '67'}","{'Internship': '2', 'Contract': '10', 'Full-time': '223', 'Temporary': '1'}",65712
45,WV,Virginia,4,{'60000': '1'},"{'Culloden': '1', 'Kearneysville': '2', 'Huntington': '1'}","{'Ho-Chunk': '1', 'SERVICE WIRE COMPANY': '1', 'Powertek Corporation': '1', 'Cabell Huntington Hospital': '1'}","{'Entry_Level': '2', 'Mid_Level': '2'}",{'Full-time': '4'},N\A
46,WI,Washington,84,"{'55000': '69', '75000': '40', '65000': '54', '85000': '21', '80000': '31'}","{'Milwaukee': '21', 'Middleton': '3', 'Neenah': '2', 'Brown Deer': '5', 'Saukville': '2', 'Waterloo': '3', 'Waukesha': '4', 'Menomonee Falls': '3', 'Pleasant Prairie': '3', 'Appleton': '4', 'Madison': '4', 'Racine': '3', 'Arcadia': '3', 'Green Bay': '4'}","{'Kerry': '2', 'Rockwell Automation': '3', 'Harley-Davidson': '2', 'Charter Steel': '2', 'Eaton': '2', 'VF Corporation': '2', 'Parker and Lynch': '6', 'Springs Window Fashions': '2', 'FIS': '6', 'Trek Bicycle': '3', 'Ashley Furniture Industries': '2', 'Generac Power Systems': ' Inc.', 'Accounting Principals': '2', 'Modine Manufacturing Company': '2', ""Kohl's"": '3'}","{'Entry_Level': '15', 'Mid_Level': '38', 'Senior_Level': '14'}","{'Contract': '4', 'Part-time': '2', 'Full-time': '76', 'Temporary': '1', 'Commission': '2'}",58492
47,WY,West Virginia,1,{},{'Gillette': '1'},{'Black Hills Corporation': '1'},{'Mid_Level': '1'},"{'Contract': '1', 'Full-time': '1'}",N\A
48,0,0,0,0,0,0,0,0,0
49,0,0,0,0,0,0,0,0,0
